rating,review,aspect_category,polarity,word_count,avg_word
3,bantu kondisi pandemi tolong evaluasi dian obat apotek rekan kota manado resep obat batuk apotek suka habis sia sia konsultasi dokter ujung ujung obat resep apotek rugi chat mahal biaya masuk baik pakai fitur chat us layan layan ubah produk obat saran konsultasi dokterjelek,pelayanan,negatif,44,8.045454545454545
5,konsultasi dokter bagus durasi cepat dokter dokter chatinganya bantu terima kasih,pelayanan,negatif,10,10.0
1,astaga obat beli obat harga masuk akal lipat ulang chat bantu coba bayar resep bank beda obat gagal solusi penyelesain ulang gagal harga obat masuk akal semoga baik banding saing,harga,negatif,30,7.7666666666666675
5,terima kasih pelayananya baik cepat pengirimanya bantu nambahkan layan kirim obat baik terimakasih,pelayanan,positif,12,9.0
1,telepon nomor hadiah konfirmasi aplikasi hadiah email nomor telepon genggam,sistem,positif,10,8.909090909090908
5,sumpah alternatif miris uang sakit hemat pakai aplikasi bagus kerja cocok anak kosan,harga,positif,14,7.857142857142858
1,konfirmasi layan selesai komunikasi ulang kasih bukti screnshotnya ampun ampun munculin aplikasi,pelayanan,negatif,14,8.666666666666666
5,bantu darurat rumah anak tetiba anak sakit obat habis pesan harga obat bagus cari murah terima kasih,harga,positif,16,7.117647058823528
4,suka suka aplikasi beda aplikasi belah jelas rekomendasi obat dokter kesel konsultasi dokter melewatkanya ganti dokter saldo mohon perhati dokter sibuk aktifitasnya nyala konsultasi darurat,pelayanan,negatif,29,9.517241379310343
5,bantu konsultasi whatsapp pandemi chat respon plus perihal bantu terima kasih,pelayanan,positif,11,8.636363636363637
1,telepon nama aneh telepon email bilang uang juta rupiah aplikasi privasi email ambil untung tipu tolong privasi ketat,sistem,negatif,19,8.578947368421053
5,keren cepat bagus bantu rumah cek sehat aman pandemi covid,anekdot/serbaneka,positif,11,7.636363636363638
5,bantu jam anak sakit konsultasi dokter terima kasih adi suryadinata bantu,pelayanan,positif,11,8.272727272727273
5,bantu mudah cari obat obat respon cepat pesan terima kasih,pelayanan,positif,9,8.1
1,pulang hapus aplikasi kecewa profesional chat customer terima kasih,pelayanan,negatif,10,7.909090909090909
2,konsultasi bayar pakai gagal keteranganya dana konsultasi coba malas tolong sistem bayar baik,sistem,negatif,14,9.785714285714286
5,bantu pergi rumah sakit antre aplikasi bantu praktis takut langsung konsultasi dokter kasi resep makas,anekdot/serbaneka,positif,16,8.529411764705884
1,ralat bayar aplikasi bantu,sistem,negatif,5,9.2
1,jujur puas nasihat nasihat jelas dokter sayang konsultasi aplikasi menit otomatis henti,pelayanan,negatif,12,9.666666666666666
5,bantu obat cari apotek kosong aplikasi lengkap pakai aplikasi mudah terimakasih,pelayanan,positif,12,8.916666666666666
5,aplikasi bantu sehat produk sehat aplikasi konsultasi sakit beli obat obat produk sehat lai aplikasi pilih langsung konek akun gojek terima kasih layan sukses bagus,anekdot/serbaneka,positif,24,8.68
1,tolong evaluasi respon email chat transaksi beli gopay kurir kecewa dana,pelayanan,negatif,12,8.23076923076923
5,aplikasi bagus saran adakan opsi bayar gerai kaya alfamart indomart bantu remaja orang orang gapunya gopay debit,anekdot/serbaneka,positif,18,8.166666666666666
5,bagus aplikasi ketemu bagus respon dokter cepat bagus tahan bantu bagus,anekdot/serbaneka,positif,13,8.142857142857142
5,aplikasi nomor sulit bantu keliling apotek obat obat jarang sedia apotek konsultasi dokter mudah pelayananya ramah,pelayanan,positif,16,8.6875
5,bantu aplikas khawatir dadak malam butuh obat bantu,pelayanan,positif,8,8.625
5,sangan bantu isoman beli obat cegah tular virus orang bantu,pelayanan,positif,10,8.3
5,daftar masuk email nomor telepon masuk menunggu,sistem,negatif,7,7.857142857142858
5,bantu orang malas rumah menunggu antre dokter bagus layan cepat resep akurat,pelayanan,positif,12,7.833333333333332
5,coba bantu pandemi covid rumah diagnosis beli obat,pelayanan,positif,8,7.75
5,mudah antre rumah sakit konsultasi aplikasi obat rumah bantu,pelayanan,positif,10,8.7
5,bagus bantu pandemi bantu dokter spesialis juara juara semoga tahan bagus bantu,pelayanan,positif,12,8.666666666666666
5,admin suntik vaksin dosis tanggal tanggal teman sms suntik vaksin dosis admin mohon pencerahanya,anekdot/serbaneka,positif,14,7.928571428571429
5,konsultasi antisipasi rumah bantu terima kasih sedia aplikasi,pelayanan,positif,8,9.875
5,bantu aplikasi kemarin cari resep dokter putar putar apotek ketemu aplikasi bantu capai capai putar putar,pelayanan,positif,17,8.117647058823529
3,umur uang konsultasi dokter konsultasi bayar solosi it tolong,anekdot/serbaneka,positif,9,7.888888888888888
5,aplikasi bagus chat psikiatris mudah daring dokter ramah hakim erti terima kasih,pelayanan,positif,13,8.923076923076922
5,terima kasih manfaat aplikasi konsultasi dokter mudah,anekdot/serbaneka,positif,6,8.857142857142858
5,bagus vaksin kendala efek samping timbul ngantuk vaksin,anekdot/serbaneka,positif,8,8.25
5,cepat kirim kilat harga obat obat beda apotek langsung bangga,pelayanan,positif,10,8.6
1,aplikasi jelek pesan apotek obatny suruh batal cancelnya telepon layan batalin jam batal batal saldo kerja,pelayanan,negatif,17,8.882352941176471
5,bagus konsultasi dokter rumah sakit khawatir kena covid murah harga konsultasi,harga,positif,11,8.454545454545455
3,layan cepat aneh bayar pakai kartu kredit kartu sedia available,sistem,negatif,10,8.8
2,aplikasi lambat coba uninstal aplikasi telepon genggam aplikasi berat telepon genggam jalan gabagus,sistem,negatif,11,8.384615384615385
5,dokter hebat hebat jelas fokus keluh derita terima kasih,pelayanan,positif,9,7.888888888888888
5,efektif murah bagus,harga,positif,3,7.666666666666668
5,bagus aplikasi bantu dokter dokter bagus layan sehat agam,pelayanan,positif,9,9.111111111111109
5,respon keluh tim layan respon ulas respon tim layan cepat,pelayanan,positif,11,8.454545454545455
5,bantu konsultasi dokter langsung repot rumah sakit faskes terima kasih,pelayanan,positif,10,8.4
1,telepon agen nomor rekening,anekdot/serbaneka,positif,4,8.25
1,bintang kode voucher vaksinasi kasih bintang,pelayanan,negatif,6,8.5
5,bagus dokter responsif lumayan bagus ajak diskusi logis analisis gugup gugup dokter ketemu senang,pelayanan,positif,14,8.571428571428571
5,bagus antre sakit chat langsung balas obat terima kasih bantu,pelayanan,positif,11,7.545454545454546
5,puas konsultasi pandemi dokter ramah,pelayanan,positif,5,8.4
4,muas balas cepat pilih dokter resep obat mahal semoga cocok,harga,positif,10,8.5
3,selamat sore admin aplikasi kerjasama medicilin mohon admin terima kasih,anekdot/serbaneka,positif,10,8.3
5,bantu darurat langsung tindak dokter ramah terima kasih,anekdot/serbaneka,positif,7,8.75
4,konsultasi putri farisa konsultasi selesai resep obat terima kasih,pelayanan,positif,9,8.444444444444445
5,suka menu konsultasi dokter mudah cari informasi sehat tubuh,pelayanan,positif,9,9.444444444444443
4,aplikasi membantubantudokternya ramah ramah profesional sukses,pelayanan,positif,6,11.5
5,bantu posisi kota kondisi badan fit susah cari dokter butuh obat sesuai dosis bantu aplikasi terima kasih bagus,anekdot/serbaneka,positif,18,7.473684210526316
5,bantu bantu dokter konsultasi,pelayanan,positif,4,10.0
5,coba gomed cepat respon kirim tingkat,pelayanan,positif,6,8.666666666666666
5,bagus konsultasi psikologi baik,anekdot/serbaneka,positif,4,9.0
5,dokter bagus jasa detail saran sara obat resep bagus,pelayanan,positif,9,8.444444444444445
5,pelayananya baik konsultasi bagus puas terima kasih dokter iman terima kasih,pelayanan,positif,9,7.636363636363638
5,bantu aplikasi lelah rumah bantu aplikasi bagus,anekdot/serbaneka,positif,7,8.571428571428571
1,tangap lambat etik keluh sokternya chat masuk pakai pangilan suara suara baik pakai bayar gratis,pelayanan,negatif,15,8.933333333333334
5,cangih obat keren cobain gratis bayar,anekdot/serbaneka,positif,7,6.875
5,kendala boking tes swab antigen klinik tutup operasial boking tes swab antigen tim cepat responya telepon konfirmasi dana masukanya kordinasi klinik rumah sakit rekan tingkat sisa bagus terima kasih,pelayanan,positif,29,8.125
5,pakai langsung puas semoga layananya konsisten prima percaya terimakasih,anekdot/serbaneka,positif,11,9.636363636363637
4,layan bayar mengunanakan debit kartu kendala opsi bayar,pelayanan,positif,8,9.75
1,dengar aplikasi bagus instal masuk apknya ngerespon,sistem,negatif,7,8.428571428571429
5,lumayan lengkap layan cepat aplikasi mudah bantu,sistem,positif,7,9.428571428571429
5,terima kasih kasih silfia mandasari respon cepat arah resep bantubagus,pelayanan,positif,9,8.1
5,bagus baik respon cepat akurat sukses,pelayanan,positif,6,7.333333333333332
5,mudah rumah sakit obat,pelayanan,positif,4,8.0
5,layan dokter ramah baik cepat balas kes,pelayanan,positif,7,8.857142857142858
5,bantu situasi kondisi sukses bagus,anekdot/serbaneka,positif,4,7.333333333333332
1,pesan obat bayar batal bayar obat ratus ribu,pelayanan,negatif,8,8.125
1,dana uang telepon customer servicenya,pelayanan,negatif,5,9.666666666666666
1,konsultasi baik bagus konsultasi servicenya parah respon chat luama wktu menit habis saran klinik langsung curah hati kucing konsultasi cari solusi kucing aneh aneh bahasa sopan mangil saudara tolong seleksi rekrut dokter jelek layan jelek,pelayanan,negatif,34,8.314285714285715
4,layan alami kendala telepon chat tim tolong,anekdot/serbaneka,positif,7,8.571428571428571
2,selesai bayar sukses potong saldo dokter sibuk dana butuh hitung masuk konfirmasi bank kait aduh otomatis dana masuk rekening konfirmasi bank sulit tolong mudah dana orang rumah bankbantu,sistem,negatif,30,9.0
5,sederhana aplikasi butuh medis pesa mudah cepat,anekdot/serbaneka,positif,8,9.125
1,kecewa daftar vaksin usia tolak alas mesti pakai ktp suket domisili vaksinasi suket domisili nama vaksin gratis warga negara indonesia semoga ulas hapus admin,pelayanan,negatif,24,8.0
5,terima kasih gojek vaksinasi prambanan bagus pelayananya suntik,pelayanan,positif,8,9.375
5,profesional bantu,anekdot/serbaneka,positif,2,11.5
5,bagus konsultasi dokter tatap muka,pelayanan,positif,5,8.0
5,konsultasi puas dokter bantu bantu,pelayanan,positif,5,8.6
5,manfaat cepat respon bagus,anekdot/serbaneka,positif,4,9.25
4,bantu konsultasi informasi kait sehat,pelayanan,positif,5,10.6
5,dokter anak cepat respon aplikasi bantu kondisi,pelayanan,positif,7,9.142857142857142
5,aplikasi bantu darurat terima kasih menunggu promo tarik,pelayanan,positif,7,9.571428571428571
5,bagus mudah konsultasi dokter spesialis,pelayanan,positif,5,10.0
5,aplikasi dokter keluarga sahabat jangkau jarak aplikasi sakit curi panik saldo gopay sederhana hub dokter informasi keluhanya bantu obat tunggu obat kirim instant beli gojek sunguh terobos manfaat era pandemi jarak dokter sukses bagus,anekdot/serbaneka,positif,36,8.61111111111111
1,dokter ngelewatin chat terima aju saldo ambil uang ambil konsultasi tolong customer servicenya keluh rugi jelas kecewa,pelayanan,negatif,18,8.666666666666666
2,kemarin kamis tanggal maret jam wita telepon mengatasnamakan customer servis dokter informasi fitur suruh aktivasi biaya paket rp auto debit bank informasi email aktif daftar percaya tuju informasi email email dana potong,anekdot/serbaneka,negatif,34,8.441176470588236
5,bantu konsultasi rumah kondisi covid,pelayanan,positif,5,9.0
1,parah vaksin usia dosis parah menunggu jam antre vaksin lancar habis jelas buruk kasi orgtua vaksin baik aplikasi belah,pelayanan,positif,20,7.3181818181818175
4,dokter luamayan alam fitur fiturnya bantu,pelayanan,positif,6,10.5
5,terima kasih bagus panik keluh bantu,anekdot/serbaneka,positif,5,8.6
2,instal daftarin vaksin usia tangalnya tulis slot sedia isi data upload ktp gilir submit penuh tulis auto recheck sedia slotnya resubmit penuh jelas baik,sistem,negatif,24,8.16
5,bantu beli obat kota,pelayanan,positif,4,8.25
5,bantu mudah pasien keluarga layan sehat,pelayanan,positif,6,10.333333333333334
5,konsultasi muas rekomendasi rumah mobilitas semoga dokter dokter sehat bantu layan keluh pasien butuh rekomendasi,pelayanan,positif,16,10.625
5,kasih bintang semoga aplikasi layan baik,pelayanan,positif,6,8.5
5,bantu dokter bagus cepat responya,pelayanan,positif,5,9.0
5,puas layan lapang kait vaksin terima lancar cepat tugas ramah sabar penuh perhati terima kasih salam sehat bantu,pelayanan,positif,17,8.166666666666666
4,tolong kasih chat dokter ny ny bayar ny,pelayanan,negatif,8,6.625
5,konsultasi dokter hemat terimakasih,pelayanan,positif,4,9.75
5,baik situasi jam konsultasi,pelayanan,positif,5,8.6
5,senang langsung konsultasi dokter rumah,pelayanan,positif,5,10.2
1,janji sesuai jadwal sedia lab prodia mega galaxy sby maret jam pagi prodia tutup jadwal sedia aplikasi orang kecele chat bantu lambat respon jam solusi sms membatalkanatau mereschedul coba aplikasi aplikasi batal laku jam jadwal konsultasi reshedule jam jadwal konsultasi ampun ampun,pelayanan,negatif,43,8.162790697674419
5,semoga bantu pasien konsultasi rumah terima kasih,pelayanan,positif,7,8.571428571428571
5,pesan obat layan cepat respon langsung kirim darurat,pelayanan,positif,8,8.375
5,suka aplikasi bantu pelayananya bagus case kirim barang kekuranganya langsung kirim sok sukses tingkat pelayananya,pelayanan,positif,16,9.4375
5,tolong tolong kucing bantu bagus,pelayanan,positif,5,9.6
5,dokter ramah baik layan bijaksna terima kasih,pelayanan,positif,7,8.0
5,terima kasih vaksin covid efek signifikan,anekdot/serbaneka,positif,6,8.0
5,bagus bantu urus sehat jam,pelayanan,positif,5,8.2
5,bagus pakai aplikasi cari obat harga jangkau,harga,positif,7,8.571428571428571
5,keren cepat respon konsultasi dokter kandung,pelayanan,positif,6,8.833333333333334
5,kasih bintang kasih aplikasi baik beli butuh medis darurat rumah bagus masukanya semoga apotek aplikasi jarak ambil obat bagus,pelayanan,positif,19,8.473684210526315
5,puas konsultasi dokter papua susah nebus obat nunjukin chat obat untung tanda tangan,pelayanan,negatif,13,7.769230769230768
2,niat instal aplikasi pgnya mudah beli obat kondisi sakit kos beli estimasi nyampenya aplikasi cocok kondisi darurat beli obat orang sakit parah lanjur wasalam obat edit ulas aplikasi baik sistem,sistem,negatif,30,8.4
3,selamat siang salam telepon nama biaya klaim aktif biaya nomor rek sistem potong ribu mohon konfirmasi takut saldo tepotong bulanya terima kasih,anekdot/serbaneka,positif,25,8.48
5,bantu pandemi terima kasih,anekdot/serbaneka,positif,3,10.666666666666666
4,konsultasi dokter nyaman keluh foto langsung area sakit dokter detail semoga resep cocok keluh terima kasih dokter,pelayanan,positif,17,8.555555555555555
5,praktis bagus dokter keluh terima kasih,pelayanan,positif,5,8.166666666666666
5,terima kasih aplikasi percaya chat langsung bagus,pelayanan,positif,6,8.285714285714286
3,coba kaji vaksin mitra ojol sejati mitra pakai aplikasi ojol cari rezeki gojek grab indriver maxim aplikasi wajib vaksin mitra repot batalin kerja vaksin biar mitra vaksin aparatur perintah,anekdot/serbaneka,negatif,29,7.931034482758621
5,dokter anak bayi usia anak rawat rumah sakit hasil rongsen idap sakit radang paru tolong dokter anak sembuh total sakit terima kasih bantu,anekdot/serbaneka,positif,22,7.863636363636362
5,respon baik dokter terima kasih,pelayanan,positif,5,8.0
5,aplikasi terima kasih giat vaksin serentak prambanan sleman terima kasih perintah diy yogyakarta sponsor giat semoga giat pahala limpah tuhan maha esa terima kasih baik regard beny,pelayanan,positif,30,8.733333333333333
2,posisi ambil obat rumah tunggu,pelayanan,negatif,5,8.8
1,janji buka jam dokter balas balas apsnya batal tulisanya aplikasi daring kecewa unduh butuh donasi menu donasi pilih bayar saldo pelayananya banding aplikasi belah,pelayanan,negatif,26,9.115384615384617
1,klg periksa pacar hasil periksa tanggal maret jam drive thru mayor tanggal maret jam hslnya butuh hslnya cepat layan pemeriksan covid turun periksa gratis,pelayanan,negatif,25,8.0
5,alam bagus konsultasi dokter pilih,pelayanan,positif,5,9.6
1,mohon maaf kasih bintang jelek pelayananya pesan vitamin tangal estimasi tangal proses tolong layan telepon chat cek cek cek batal pesan beli pasar saldo tarik rekening tolong tingkat pelayananya tolong kirim pesan,pelayanan,negatif,32,8.21875
5,bantu terima kasih dokter ny aplikasi ny bantu,pelayanan,positif,8,7.25
5,mudah konsultasi dokter temu langsung,pelayanan,positif,5,10.2
5,konsultasi keluh mudah sulit antre rumah sakit,pelayanan,positif,7,8.0
1,dokter gratis,pelayanan,negatif,2,8.0
5,tolong aplikasi zaman covid takut rumah sakit konsultasi hewan peliharan konsultasi gigi tolong terima kasih,pelayanan,positif,16,8.75
5,jelas dokter lengkap ramah terima kasih,pelayanan,positif,5,8.166666666666666
5,baik andal suka,anekdot/serbaneka,positif,3,9.0
5,malam malam sakit binggung keluh obat langsung kendala kirim kadang driver kontak langsung tepo,pelayanan,negatif,16,8.176470588235292
5,jelas daring pilih aman,pelayanan,positif,4,7.5
5,bantu transaksi biaya mudah,harga,negatif,4,9.5
5,cakap dokter jelas arahanya bagus,pelayanan,positif,5,8.8
5,vaksin tanggal maret daftar vaksin kode kupon kirim urus terima kasih,anekdot/serbaneka,positif,11,7.8181818181818175
5,bantu konsultasi langsung dokter,pelayanan,positif,4,10.0
5,bagus dokter susah mahal bagus,harga,positif,5,7.2
2,bayar dokter sibuk chat ulang gubris nyapa bilang dokter sibuk gopay potong dana mohon dibanding dokter gubris baik lapor sibuk coba berani daftar risiko nerima permintan konsultasi pasien diemin binggung dana fleksibel jam respon sesi bayar hak pasien makan gaji buta chat diam diam baik,pelayanan,negatif,48,8.14
1,tangal maret saldo anjung tunai mandiri ambil program adakan kemarin telepon mengatasnamakan layan rugi henti henti langgan,pelayanan,negatif,15,8.941176470588236
1,transaksi gagal saldo potong lihat riwayat transaksi,sistem,negatif,7,9.428571428571429
2,layan proses cepat catat pasien status gejala covid dokter kasih himbauan asih pil tidur sesuai dosis orsng sakit butuh istirahat,pelayanan,positif,21,8.0
4,beli obat layan dokter bagus ganguan ganti nomor nomor ganti pakai email riwayat transaksi hilang aplikasi,pelayanan,negatif,16,7.8125
5,senang aplikasi cepat respon obat langsung resep layan jam dokter baik informatif terima kasih,pelayanan,positif,15,8.133333333333333
1,pembayaranya luas gopay bca mandiri debit maksud ragu cobain apknya dokter langsung pandemi pembayaranya indomaret alfamart kota akses mudah desa susah inti tingkat mohon,sistem,negatif,26,8.357142857142858
5,bantu usia biaya kesehatanya batas,anekdot/serbaneka,positif,5,8.666666666666666
5,konsultasi dokter line mudah pilih dokter kisar biaya sesuai terima kasih,pelayanan,positif,11,9.0
4,aplikasi bantu kalang luas batas milenial konsultasi tipis tipis saran muculkan saldo profile milik akun mudah isi saldo bank aplikasi bayar bayar lai,sistem,positif,24,8.458333333333334
5,bantu pandemi,anekdot/serbaneka,positif,2,9.5
5,manfaat orang butuh bantu cepat,anekdot/serbaneka,positif,5,9.6
5,cangih langsung konsultasi dokter ahli rumah sakit respon cepat dokter bantu butuh layan sehat,pelayanan,positif,14,9.214285714285714
1,janji rapid tutup,anekdot/serbaneka,negatif,3,7.0
1,aplikasi ambil antre daring aplikasi terintegras hasil cek upaya lapor lapor lapor lapor sehat sulit expetasi tuju utama boh fair slogan customer klinik bolak hasil test pakai daring,pelayanan,negatif,29,7.9
5,semenjak bantu konsultasi beli obat rumah antre rumah sakit apotek bagus diskon sesi konsultasi dokter makas mudah hidup semoga promo sukses bagus,pelayanan,positif,22,8.090909090909092
1,alami kesal apsnya daftar vaksinasi usia hubung usia janji tangal vaksinasi batal,pelayanan,negatif,12,8.928571428571429
1,aplikasi jelek aktivasi lambat klik,sistem,negatif,6,9.166666666666666
5,puas bagus ulasanya cocok ramah cocok obat,pelayanan,positif,7,7.571428571428571
5,terima kasih konsultasi bantu,pelayanan,positif,4,9.25
5,layan mudah obat keliling apotek lengkap solusi baik lengkap obat terima kasih,pelayanan,positif,12,9.166666666666666
5,bantu pesan obat darurat butuh sedih histori jalan paket obat kaya tunggu sampenya terima kasih tim cepat respon jelas bantu,pelayanan,negatif,21,8.363636363636363
5,manfaat anak sakit malam rumah sakit chat dokter aplikasi smuanya beres pandemi terima kasih bantuanya dokter terima kasih aplikasi,anekdot/serbaneka,positif,16,7.894736842105262
5,bagus cepat konsultasi terima kasih,pelayanan,positif,4,7.8
5,dokter kamar pisah pakai isolasi mandiri angota keluarga kena covid sembuh kamar steril pakai masuk kamar,anekdot/serbaneka,positif,16,8.5625
3,aplikasi buka,sistem,negatif,3,10.0
5,aplikasi manfaat beli obat,pelayanan,positif,4,9.75
5,dokter bagus informasi jelas tolong,pelayanan,positif,5,8.6
5,senang obat konsultasi doktet shanti tandayu internist ramah jelas tele obat arah bagus isk baik terima kasih manfaat bagus,pelayanan,positif,19,8.263157894736842
3,driver gojek kemarin pesan vaksin covid bawa orang usia vaksin bawa orang usia,anekdot/serbaneka,positif,13,7.133333333333334
5,aplikasi bantu pandemi covid rumah tingal aplikasi terima kasih tingkat kualitas,anekdot/serbaneka,positif,11,9.083333333333334
5,janji dokter vaksin manula drive thru mudah terima kasih,pelayanan,positif,8,7.111111111111112
5,partisipasi penangulangan covid,anekdot/serbaneka,positif,3,12.666666666666664
5,bantu muas informasi layan,pelayanan,positif,4,10.75
5,kasih bintang kendala bayar gopay selesai tim cepat bantu terima kasih tim bagus,sistem,positif,12,8.076923076923077
5,untung aplikasi antre antre rumah sakit klinik obat obat rekomendasi manjur,pelayanan,positif,10,8.272727272727273
3,vaksin sertifikat vaksinya admin,anekdot/serbaneka,positif,4,9.25
5,aplikasi bagus layan konsultasi cepat respon apotek cepat,pelayanan,positif,8,9.875
5,pesan obat fitur chatnya tolong alih fitur sms butuh pulsa alih fitur gojek fitur chat aplikasi konfirmasi driver pakai pulsa,sistem,negatif,20,8.15
5,dokter ramah diskusi bagus lancar salut sangka bagus jam obat,pelayanan,positif,11,7.454545454545454
1,asli parah aplikasi niat cepat urus rapid antigen kendala aplikasi sia sia harap harap berangkat kerja parah dana,pelayanan,negatif,19,8.736842105263158
5,aplikasi konsultasi dokter manfaat kondisi keluhanya salah diagnosis,pelayanan,positif,8,10.0
5,cepat hemat efisien janji vaksinasi covid usia aplikasi bantu tingal janji vaksinasi sukses amanah bagus,pelayanan,positif,15,8.0625
5,terima kasih pandemi aman kesini konsultasi dokter senior langgan terima kasih,pelayanan,positif,11,8.181818181818182
4,bagus kadang obat sedia apotek pesan daring semoga baik,pelayanan,negatif,11,7.25
1,sumpah chat dokter pakai bayar enga aplikasi bantu orang susah konsultasi bayar kecuali beli obat periksa bagus chat bayar bantu,pelayanan,negatif,20,7.75
5,manfaat aplikasi,anekdot/serbaneka,positif,2,11.0
1,aplikasi jalan respon sebal,sistem,negatif,4,10.25
5,konsultasi muas pergi apotek terima kasi aplikasi semoga manfat,pelayanan,positif,10,8.7
5,bagus aplikasi respon dokter baik,pelayanan,positif,5,8.4
5,terima kasih bantu darurat libur terima kasih dokter stand beli libur chat asik ramah informasi akurat,pelayanan,positif,14,8.428571428571429
5,informasi mudah,pelayanan,positif,3,9.333333333333334
1,aplikasi bayar aplikasi bagus cobain lihat download bagus download bayar langsung kecewa tolong kembang biar aplikasi bayar gratis aplikasi belah kasih bintang fitur dokter gratis kasih bintang,anekdot/serbaneka,negatif,27,8.74074074074074
1,bantu apan jelas sulit bayar sulit aplikasi sumpah hack aplikasi sumpah janji rapid sulit,pelayanan,negatif,15,7.933333333333334
5,aplikasi efisien pesan obat cari apotek sedia obat suka suka aplikasi kembang,pelayanan,positif,14,8.928571428571429
5,bantu layan ramah bagus dokter,pelayanan,positif,5,8.6
5,puas dokter dokter baik ramah ramah diaknosa obat bagus cocok semoga dokter sehat amin,pelayanan,positif,14,7.857142857142858
5,kirim ramah sesuai mesa salut drivernya,pelayanan,positif,6,9.0
5,bantu pandemi konsultasi obat rumah serasa dokter pribadi,pelayanan,positif,9,8.555555555555555
2,asalamualaikum maaf habis unduh aplikasi playstore buka aplikasi masuk aplikasi klik chat dokter lihat situ pilih dokter chat konsultasi sehat konsultasi sehat dokter aplikasi bayar chat konsultasi dokter chat,anekdot/serbaneka,positif,29,8.566666666666666
5,solusi praktis biaya murah dokter responsif,harga,positif,6,8.333333333333334
1,daring sesi konsultasi beli teks telepon buang buang uang bayar konsultasi,harga,negatif,12,8.0
1,uang terima status tes antigenya konfirmasi konfirmasi nerima uang layan customer responya lancar lancar kecewa berat,pelayanan,negatif,17,8.705882352941176
5,aplikasi bantu keluarga beli obat obat vitamin tes pacar pandemi bagus,pelayanan,positif,12,8.333333333333334
1,aplikasi bagus scheduling dokter antre rumah sakit layan kecewa hasil tes informasi sms selesai hasil tes hardcopy softcopy ambil tes media chat layan responya lambat respon menit putus jalur komunikasi ulang respon lambat layan konfirmasi konfirmasi kait sla sisi responsif,pelayanan,negatif,40,8.365853658536585
5,dokter responsif nyaman konsultasi terima kasih,pelayanan,positif,5,8.666666666666666
5,bantu sulit rumah,anekdot/serbaneka,positif,3,8.0
5,keren aplikasi bantu darurat terima kasih feny ramah konsultasi resep cocok,pelayanan,positif,11,8.454545454545455
1,iwan setiawan ag salah driver gojek bandar lampung konfirmasi pemesanan apotek jesaya farma pemesanan ambil obat harap tunggu barang obat pesan sedia aplikasi gojek jalan pesan gojek barang driver tingal bawa barang jalan pemesanan dasar konfirmasi pelang apotek,anekdot/serbaneka,negatif,39,8.794871794871796
2,niat make aplikasi cepat rumah apotek apotek bumn swasta diskitar fitur ngebuat pembeliatau driver milih apotek pakai manual nahan sakit posisi kota,pelayanan,negatif,23,8.0
1,chat bayar baik pakai bagus google gratis,pelayanan,negatif,7,7.125
5,aplikasi bantu metode pembayaranya tambahin harga baik tingkat sukses terima kasih,pelayanan,negatif,12,9.333333333333334
5,bagus puas tugas ramah paham bidang milik kustomer layan ramah kustomer puas upgrade bidang dokter medicine informasi virus corona virus lai vaksin umur servis drivethru mudah aju sertifikat hasil harga jangkau,anekdot/serbaneka,positif,34,9.294117647058824
5,terima kasih membntu era pandemi sulit rumah sakit konsultasi diam rumah tingal chat dokter ramah responsif,pelayanan,positif,15,7.8125
5,bantu pademi,anekdot/serbaneka,positif,2,9.0
3,bantu konsultasi sehat,pelayanan,positif,3,11.0
3,selamat malam mohon maaf bayar konsultasi salah dokter aplikasi terima kasih,pelayanan,positif,10,8.090909090909092
5,cari obat mudah pelayananya cepat,pelayanan,positif,5,8.4
5,dokter sabar jelas akurat baik terima kasih dokter bosen dokter sehat bantu,pelayanan,positif,12,7.461538461538463
5,aplikasi bantu anak anak keluarga sehat berangkat klinik langsung terima kasih bagus,anekdot/serbaneka,positif,12,8.333333333333334
1,uang dana juta batal pacar kirim tangal februari februari status proses,pelayanan,negatif,11,8.75
5,bantu musim pandemi,anekdot/serbaneka,negatif,3,8.666666666666666
5,bagus dokter ramah puas keluh kesah biaya murah rumah mudah diksi resep kasi jelas detail bayar konsultasi diskon terima kasih,pelayanan,positif,19,7.809523809523809
5,aplikasi bantu pandemi dokter dokter bagus obat obat efektif diskon konsultasi,anekdot/serbaneka,positif,11,8.909090909090908
5,bantu pandemi,anekdot/serbaneka,positif,2,9.5
5,bagus bantu keluarga bagus hasiat obat obat kasih bagus bagus,pelayanan,positif,11,7.8181818181818175
5,aplikasi bantu harga konsultasi sahabat dokter ramah,pelayanan,positif,7,9.428571428571429
5,dokter ramah responya cepat rekomendasi bagus repot repot rumah sakit obat langsung kirim bagus,pelayanan,positif,14,8.928571428571429
5,bagus bantu respon dokter cepat rumah sakit konsultasi obat kirim rumah terima kasih,pelayanan,positif,11,7.615384615384616
5,bantu pandemi rumah beli obat anak sakit suruh bagustrimakasih aplikasi bantu bagus,anekdot/serbaneka,positif,12,8.5
5,bantu konsultasi sehat,pelayanan,positif,3,11.0
4,pakai aplikasi binggung konsultasi baik ramah jelas terima kasih,pelayanan,positif,8,9.0
5,senang aplikasi mudah sehat konsultasi daring kondisi pandemi,pelayanan,positif,8,9.5
5,baik sehat konsultasi dokter dokter ramah ramah baik,pelayanan,positif,8,8.5
5,anjur kasih obat saran,pelayanan,positif,5,7.6
5,terima kasih mas amirul cepat respon surat bagus kerja man bagus sulit aktif lokasi login tolong bantu senoari,sistem,negatif,17,8.235294117647058
5,bagus cepat kilat jelas detail,anekdot/serbaneka,positif,5,8.6
5,ramah ramah bagus responsif jelas butuh,pelayanan,positif,6,9.0
5,bantu kondisi covid,anekdot/serbaneka,positif,3,8.666666666666666
4,maaf rapid antigen mayor metode bayar pakai anjung tunai mandiri bri terima kasih,anekdot/serbaneka,positif,10,7.6923076923076925
5,dokter ramah jelas akurat,pelayanan,positif,4,8.75
5,terima kasih dokter semoga manfaat,anekdot/serbaneka,positif,4,10.25
5,aplikasi bagus murah terima kasih,harga,positif,4,7.4
5,bantu manfaat pandemi obat anjur baik cepat sembuh sesuai sakit sasar terima kasih,pelayanan,positif,13,9.076923076923077
5,bagus konsultasi jam obat langsung jam aplikasi bantu semoga obat cocok,pelayanan,positif,11,7.8181818181818175
5,dokter jelas,pelayanan,positif,2,9.0
1,bayar ovo dana,anekdot/serbaneka,positif,3,7.666666666666668
5,bagus kasih informasi tarik baik,pelayanan,positif,5,8.0
5,bagus murah konsultasi dokter bayar gopay,harga,positif,6,8.166666666666666
5,bantu alam,pelayanan,positif,2,11.0
5,baik tangan suka panik diagnose baik langsung ahli teman,pelayanan,positif,9,8.777777777777779
5,pesan kirim obat cepat bantu desak ayah obat jantung cepat jam terima kasih,pelayanan,positif,14,8.357142857142858
5,aplikasi bagus bantu,anekdot/serbaneka,positif,3,9.0
5,aplikasi bagus dokter responya cepat bagus,pelayanan,positif,6,8.666666666666666
5,layan baik hasil cepat terima customer,pelayanan,positif,6,8.5
5,chat dokter bantu,pelayanan,positif,3,9.0
5,praktis bantu terima kasih,anekdot/serbaneka,positif,3,8.0
3,w kirim mata m yun ukm j mi,anekdot/serbaneka,positif,8,4.5
5,puas cepat tangap bantu,anekdot/serbaneka,positif,4,7.0
4,bayar gratis obat batuk pilek baik jual warung paham bedan obat lumayan aplikasi lihat dokter cantik pengalamanya lulus bintang aplikasi,pelayanan,negatif,20,8.5
5,terima kasih dokter uji asiah m sc dokter baik ramah jelas jasa senang konsultasi bu dokter,pelayanan,positif,15,7.3125
5,antre klinik rumah sakit dokter baik tingal klik konsultasi keluh tunggu obat beres keren terima kasih kasih,pelayanan,positif,17,7.4
2,bintang pilih bayar batas evaluasi pilih bayar linkaja transfer rekening virtual,sistem,negatif,11,9.909090909090908
3,paket pertangung terima kasih dana ganti proses,pelayanan,negatif,6,9.166666666666666
2,bintang coba masuk langsung sinyal telepon genggam dukung,sistem,negatif,7,8.375
5,bagus konsultasi langsung dokter spesialis semoga sukses,pelayanan,positif,7,9.142857142857142
5,konsultasi muas lumayan ramah,pelayanan,positif,4,9.75
5,tolong aplikasi mudah,sistem,positif,4,9.25
5,bantu kondisi rumah sakit pasien aman sehat t jaga terima kasih tahan respon cepat dokter,pelayanan,positif,15,7.6
1,konsultasi pakai bayar kaya baik langsung rumah sakit langsung kasih obat buka bantu,pelayanan,negatif,12,7.857142857142858
5,bantu darurat butuh obat malam chat dokter spesialis obatny cepat dtangnya terima kasih gosend,pelayanan,positif,14,8.333333333333334
1,kode voucher bilang invalid,anekdot/serbaneka,positif,4,8.0
5,proses mudah cepat pesan obat,pelayanan,positif,5,7.8
5,terima kasih aplikasi mudah konsultasi dokter semoga sakit sembuh amin,pelayanan,positif,9,7.9
5,bantu sakit mag kosan jalan apotek pesan beli gojek puji tuhan langsung minum obat sembuh untung bagus,pelayanan,positif,17,7.411764705882352
5,bagus manfaat,anekdot/serbaneka,positif,3,9.333333333333334
5,praktis dokter layan ramah bagus,pelayanan,positif,5,8.4
5,praktis puas terima kasih,pelayanan,positif,4,7.5
5,bantu pandemi hamil puas respon baik ramah dokter dokter senang baik suka,anekdot/serbaneka,positif,12,7.666666666666668
5,terima kasih apotek pesan obat rutin suami semoga smakin bagus depa terima kasih bagus,pelayanan,positif,12,7.142857142857142
5,bantu konsultasi dokter antre beli obat mudah langsung rumah,pelayanan,positif,10,8.7
5,dokter tangap cepat respon,pelayanan,positif,4,8.5
2,customer servis dokter telepon tawar prodak unlimited sistem auto debit fasilitas bebas chat dokter fitur aplikasi ubah tarif gratis ulas lengkap,sistem,negatif,22,8.409090909090908
5,dokter balas cepat ramah,pelayanan,positif,4,8.75
3,barusan telepon nama email pribadi data nmor rekening anjung tunai mandiri bner mohon informasi bner bong data anjung tunai mandiri bawa ulas lengkap,anekdot/serbaneka,negatif,21,7.76
5,binggung biaya tangan biaya ongkos kirim gataunya biaya tangan ongkirnya jelek jatohnya murah terima kasih suka,harga,positif,14,8.933333333333334
1,respon layan lambat keluh,pelayanan,negatif,4,9.0
3,pesan obat susah cari driver pesan offline langsung apotek kasih lihat resep,pelayanan,negatif,12,8.166666666666666
5,bagus konsultasi dokter bagus,pelayanan,positif,4,9.25
2,maaf download aplikasi gejala sakit alami kena biaya bantu,anekdot/serbaneka,negatif,9,7.888888888888888
5,bagus bantu konsultasi sakit obat terima,pelayanan,positif,6,9.333333333333334
5,bagus aplikasi bantu,anekdot/serbaneka,positif,3,10.0
5,terima kasih serba cepat,anekdot/serbaneka,positif,4,7.25
5,pagi pagi konsultasi bu dokter cantik diagnosis baik resep jangkau bahasa ramah terima kasih bantu,pelayanan,positif,15,7.8
5,maaf mingu hidung cium bau coba,anekdot/serbaneka,positif,6,6.833333333333332
5,rekomendasi unduh sulit cari beli obat butuh,pelayanan,positif,7,9.571428571428571
5,bantu terima kasih,anekdot/serbaneka,positif,3,8.333333333333334
5,mag kambuh berat dokter untung selesai konsultasi daring resep langsung pemesanan gojek terima kasih,pelayanan,positif,13,7.928571428571429
5,bagus cepat kirim semoga obat manjur cepat khasiat cepat kirim sukses,pelayanan,positif,11,9.0
5,layan obat sembuh,pelayanan,positif,3,12.0
5,balita usia beberap telinga anak belah kanan cair bau anak terkadang ting telapak tangan kasih obat terima kasih,anekdot/serbaneka,positif,19,7.7894736842105265
5,terima kasih aplikasi malam sakit pinggang salah rekan dokter nama feny bantu sakit,pelayanan,positif,13,7.9230769230769225
5,buatin dokter chat gratis,anekdot/serbaneka,positif,4,7.5
5,pandemi bantu klik hubung konsultasi obat langsung,anekdot/serbaneka,positif,8,9.125
4,suda bayar chat bayar hasil chat dokter sibuk,pelayanan,negatif,8,8.375
5,sekian konsultasi dokter dokter konsultasi nency binggung mingu dokter dokter spesialis libur praktik terima kasih dokter,pelayanan,positif,16,8.75
5,bantu obat langsung gopay saldo great senang,pelayanan,positif,8,8.0
5,instal aplikasi wlopun jelek bagus lengkap mudah instal coba konsultasi gizi keren dokter asik terima kasih aditya mulyantari,pelayanan,positif,18,8.277777777777779
1,pesan obat status kirim terima obat telepon layan ktnya urus selesai ktnya aplikasi bagus layan buruk,pelayanan,negatif,16,8.6875
3,hai cari swab antigen rsatau klinik reading crash mohon bantu,sistem,negatif,11,7.636363636363638
5,bantu terima kasih,anekdot/serbaneka,positif,2,7.666666666666668
5,aplikasi bagus dokter bertangung bangat semoga aplikasi kembang baik,pelayanan,positif,11,9.181818181818182
5,bagus dokter rekomendasi,pelayanan,positif,3,11.0
3,baik baik verifikasi kode otp bayar gopay ulang ulang sukses terima kasih,sistem,negatif,12,8.583333333333334
5,bantu pandemi konsultasi dokter obat kirim langsung apotek bayar cashles,pelayanan,positif,10,9.1
5,mudah repot repot antre antre rumah sakit klinik klik konsultasi kasih resep obat terimakasih semoga dokter sukses amin bagus,pelayanan,positif,18,7.263157894736842
5,bantu cepat praktis muas,anekdot/serbaneka,positif,4,9.25
5,log out verifikasi kode kirim sms rusak,sistem,negatif,7,7.0
5,era pandemi dokter konsultasi daring bantu terima kasih,pelayanan,positif,8,8.375
5,layan baik sopan lokasi mudah area luas mudah vaksin jalan proses m bravo,pelayanan,positif,13,7.769230769230768
5,bantu aman selagi pandemi malas antre jasa muas,anekdot/serbaneka,positif,8,9.0
5,bantu aplikasi dokter baik baik,pelayanan,positif,5,8.6
4,konsultasi dokter baik cepat responsif pesan obat status pembayaranya batal jelek,pelayanan,negatif,11,8.909090909090908
5,bagus suka aplikasi,anekdot/serbaneka,positif,3,7.666666666666668
4,bayar dokter chat terima kasih dana,pelayanan,negatif,5,8.571428571428571
5,bagus layan baik jelas cepat,pelayanan,positif,5,7.6
5,bantu pandemi dokter baik sabar keluh pasien,pelayanan,positif,7,8.571428571428571
5,konsultasi dokter mudah tenang panik tolong sakit,pelayanan,positif,7,9.571428571428571
5,bagus pelayananya,pelayanan,positif,2,10.0
4,selamat siang dokter barusan telepon mengatasnamakan layan dokter klaim dana jt data lengkap email nomor rekening bank aneh email nama nomor rek un ulas lengkap,anekdot/serbaneka,negatif,25,7.68
5,kasih bonus kaki beli obat pakai,pelayanan,positif,6,6.5
5,bagus cepat respon dokter bantu terima kasih,pelayanan,positif,6,8.0
5,terima kasih aplikasi bantu,anekdot/serbaneka,positif,3,10.0
5,cepat tangap aplikasi sulit,sistem,positif,4,8.0
5,baik konsultasi baik,pelayanan,positif,3,10.0
5,malam malam sakit kontak langsung konsultasi obat kirim bantu informasi teman teman,pelayanan,positif,12,7.833333333333332
1,aplikasi orang kelas tibang obat bayar sunguh miris negeri ktika orang pintar anugerah bantu ihklas uwang kuasa tuhan,anekdot/serbaneka,negatif,19,7.736842105263157
5,bantu fasilitas pendaftara vaksinasi covid usia apotek butuh obat malas rumah,pelayanan,positif,11,8.5
5,bagus kemarin putus koneksi chat dokter ulas bintang lansung telepon uang bagus,pelayanan,positif,13,8.76923076923077
5,bantu resep dokter obat kirim daring terima kasih,pelayanan,positif,8,7.875
5,bagus pandemi bantu terima kasih sukses bantu,pelayanan,positif,7,8.0
5,bantu respon cepat terima kasih,pelayanan,positif,4,7.6
5,bantu adany aplikasi maju,anekdot/serbaneka,positif,4,8.25
4,alamat maaf cantum alamat manual,anekdot/serbaneka,positif,5,8.8
1,aplikasi apotek toko daring sedia barang kondisi edisi th beli langsung apotek gojek kasih obat edisi,pelayanan,negatif,16,7.294117647058822
5,respon dokter cepat,pelayanan,positif,3,7.666666666666668
5,bagus antre rumah sakit,pelayanan,positif,4,7.0
5,profesional cepat tangap,anekdot/serbaneka,positif,3,9.333333333333334
5,bantu mudah,sistem,positif,2,8.5
5,aplikasi bantu vet dokter suci dokter hewan ramah konsultasi dokter suci,pelayanan,positif,11,7.909090909090909
5,bantu terima kasih,anekdot/serbaneka,positif,2,7.666666666666668
5,terimakasih bantu mendapt resep pergi dokter,pelayanan,positif,6,8.166666666666666
5,alam aplikasi bagus semoga manfaat bantu sembuh,pelayanan,positif,7,10.428571428571429
5,mudah konsultasi dokter,pelayanan,positif,3,9.0
1,nomor telepon genggam muncul otentikasi nomor telepon genggam tolong tim it back end baik terima kasih,sistem,negatif,13,7.4375
5,tolong aplikasi darurat anak anak ditingal rumah terima kasih,pelayanan,positif,9,8.444444444444445
5,aplikasi pintar bantu pandemi antre apotek apotek antre kasier apotek tingal pakai gopay terima kasih,pelayanan,positif,16,8.0625
1,sistem bayar pakai gopay kasih bayar laku indomaret alfamaret,sistem,negatif,9,9.333333333333334
5,terima kasih mudah obat klinik pandemi,pelayanan,positif,6,8.571428571428571
4,bantu kirim ongkos mahal kurir reguler tarif ribu kena ribu,pelayanan,negatif,10,8.1
1,uang habis ribu konsultasi resep tidak acuh sam dokter posisi sakit,pelayanan,negatif,10,7.5
5,mudah konsultasi janji dokter lingkung tingal,pelayanan,negatif,6,10.0
2,beli obat nota belia,pelayanan,negatif,5,8.2
3,metode bayar sulit kenpa go pay isi saldo pakai debit rekening bank dam sejisnya hapy hewan bagus,pelayanan,negatif,18,7.166666666666668
5,dokter baik ramah,pelayanan,positif,3,8.0
5,baik andal jelek belanja apotek zaman pandemi aman beli daring,pelayanan,positif,12,8.083333333333334
5,dokter bagus respon cepat,pelayanan,positif,4,7.5
5,terima kasih khusus wid patria sabar ramah dengar konsultasi pasien,pelayanan,positif,9,8.5
3,sambung gopay,pelayanan,negatif,3,7.25
5,instal sambung gopay tulisanya nomor daftar nomor gopaynya verifikasi edit bintang terima kasih,sistem,negatif,12,8.923076923076922
3,konsultasi chat doctornya kena tarif tarif,pelayanan,negatif,6,9.166666666666666
5,bagus layan cepat dokter ramah harga obat jangkau,pelayanan,positif,8,7.75
5,bantu musim pandemi,anekdot/serbaneka,positif,3,8.666666666666666
5,bagus bagus konsultasi hamil istri semoga berkah sehat amin,pelayanan,positif,9,8.11111111111111
5,aplikasi bantu,anekdot/serbaneka,positif,2,10.0
5,bantu semoga resep obat khasiat sembuh anak terima kasih,pelayanan,positif,8,9.625
1,lambat respon adminya uang cepat keluh kendala lambat parah jelek,pelayanan,negatif,10,7.8
1,harga bagus sayang rusak lambat respon telepon layan susah masuk hasil rapid antigen jam jam,pelayanan,negatif,15,7.533333333333332
5,bagus pelayananya ramah,pelayanan,positif,3,9.0
1,respon costumer servies lambat lambat solusi aplikasi sinkron,pelayanan,negatif,9,9.111111111111109
4,konsultasi bayar pakai gopay gagal konsultasi menu konsultasi,pelayanan,negatif,8,8.75
5,aplikasi keren bantu,anekdot/serbaneka,positif,3,9.0
5,auntik vaksin mandiri sus usia umur aplikasi,anekdot/serbaneka,positif,7,7.5
5,suka pakai aplikasi konsultasi murah rumah sakit,pelayanan,positif,7,8.0
5,konsultasi beli obat mudah aplikasi report konsultasi beli obat tunggu rumah,pelayanan,positif,11,8.181818181818182
5,aplikasi bantu suka,anekdot/serbaneka,positif,3,8.666666666666666
5,layan bagus puas,pelayanan,positif,3,8.0
5,bagus mudahin cek toko daerah,pelayanan,negatif,5,7.6
5,kondisi sulit rumah bantu terima kasih barakalah,pelayanan,positif,6,8.142857142857142
5,mudah bantu,pelayanan,positif,3,8.666666666666666
5,bagus bantu terima kasih mudah mudah kembang,pelayanan,positif,7,8.571428571428571
5,layan dokter cepat respon komunikasi terima baik terima kasih,pelayanan,positif,9,8.11111111111111
5,bantu pandemi,pelayanan,positif,2,9.5
5,pesan obat cepat bantu kondisi,pelayanan,positif,6,8.166666666666666
2,dokter lambat postif hamil mohon dokter,pelayanan,positif,7,8.428571428571429
4,aplikasi mudah bantu semoga responsif layan konsultasi terima kasih,pelayanan,positif,8,9.333333333333334
1,apotek toko beli barang harga beli ajar,harga,negatif,7,6.7142857142857135
5,dokter ramah komunikatif,pelayanan,positif,3,10.333333333333334
5,terima kasih dokter resep,anekdot/serbaneka,positif,4,7.5
5,bagus musim anak sakit mudah nanganinya terima kasih bantu,pelayanan,positif,9,7.6
5,bantu telepon pandemi depa semoga pilih apotek,pelayanan,positif,8,8.75
5,aplikasi lambat telepon genggam masuk tampil aplikasi redmi note mohon bantuanya,sistem,negatif,10,8.363636363636363
1,bayar iklan gratis,harga,negatif,3,7.333333333333332
3,masuk kalender hamil menu,sistem,negatif,4,8.5
4,proses apotek,pelayanan,negatif,2,8.0
5,bantu tolong mahal mahal konsultasi pasien butuh bantu konsultasi,harga,negatif,9,8.888888888888891
5,asli bagus jam malam cari obat pilek anak langsung pakai gojek,pelayanan,positif,11,7.0
5,suka aplikasi bantu,sistem,positif,3,8.666666666666666
5,mudah konsultasi dokter beli obat mudah aplikasi bagus,sistem,positif,8,9.5
5,gatal bintik nanah selangkang paha,anekdot/serbaneka,positif,6,8.666666666666666
4,bagus terima kasih nilai ubah bagus layan,pelayanan,negatif,7,8.5
5,bagus dapetin obat repot apotek terima kasih bagus konsultasi dokter lancar cepat,anekdot/serbaneka,positif,11,7.916666666666668
5,mudah informasi lengkap,anekdot/serbaneka,positif,3,10.0
5,bantu terima kasih,pelayanan,positif,3,8.0
3,akun sambung gopay saldo gopay isi mohon baik,sistem,negatif,8,8.25
5,bagus referensi sehat,anekdot/serbaneka,positif,3,9.666666666666666
5,terima kasih dokter ramah,pelayanan,positif,3,7.75
5,respon dokter baik chat cepat balas konsultasi mudah,pelayanan,positif,9,7.1
5,cepat tangan bagus,pelayanan,positif,3,8.666666666666666
4,he bayar debit bni suportnya paksa pakai mandiri,sistem,negatif,8,8.125
5,aplikasi cepat respon layan cepat sukses bagus,pelayanan,positif,7,8.285714285714286
1,aplikasi jelek cari obat driver gojek arah apotek tutup,sistem,negatif,9,8.222222222222221
4,konsultasi tht langsung responsif kasih resep bagus semoga lekas sembuh,pelayanan,positif,10,8.2
5,dokter respon baik cepat detail konsultasi bagus,pelayanan,positif,7,8.428571428571429
5,dokter baik nyaman konsultasi semoga,pelayanan,positif,6,9.166666666666666
5,bagus bagus susah obat aplikasi bagus,pelayanan,positif,6,8.0
5,aplikasi bagus bantu beli obat putar putar cari apotek terima kasih,sistem,positif,11,7.454545454545454
5,bantu sehat tangan cepat mudah akses terima kasih,pelayanan,positif,7,8.125
5,bantu mudah mudah konsultasi sembuh,pelayanan,positif,5,8.8
1,jelas aplikasi pelan responsif jelas,sistem,negatif,5,8.4
5,darurat bagus,pelayanan,positif,2,8.0
3,lambat brpa menit langsung batal jadwal konsultasi uang dana chat bot layan payah ngrespon,sistem,negatif,14,8.8
5,terima kasih saran resep bagus tatap muka dokter,sistem,positif,7,8.285714285714286
5,bantu konsultasi obat langsung terima terima kasih dokter,pelayanan,positif,7,8.625
5,bagus dokter baik pakai kaget langsung beli obat pakai gojek keren bantu,pelayanan,positif,12,7.583333333333332
3,bagus layan csnya respon cepat tolong aplikasi pelan dokter asuransi teruk,anekdot/serbaneka,negatif,11,8.363636363636363
4,manfaat sehat,pelayanan,positif,2,11.5
5,mudah beli obat,anekdot/serbaneka,positif,3,9.0
5,bantu konsultasi dokter layan ramah jelas bantu solusi,pelayanan,positif,8,9.125
5,mudah cepat informasi,anekdot/serbaneka,positif,3,9.333333333333334
5,bagus konsultasi dokter cepat respon ramah terima kasih,sistem,positif,8,8.0
5,bagus bantu rumah sakit puskesmas,anekdot/serbaneka,positif,6,8.833333333333334
5,puas layan terima kasih bantu,pelayanan,positif,4,8.0
5,aplikasi konsultasi anga mintarsa bagus bagus bagus terima kasih dokter,sistem,positif,9,8.0
5,aplikasi bantu konsultasi sehat,sistem,positif,4,10.75
5,bantu solusi baik dokter percaya alam bagus,pelayanan,positif,7,9.0
5,bantu,anekdot/serbaneka,positif,1,10.0
5,jelas dokter baik bagus,pelayanan,positif,4,8.25
5,aplikasi baik suka,sistem,positif,3,8.333333333333334
5,bantu cocok resep dokter terima kasih,pelayanan,positif,6,7.833333333333332
5,aplikasi bantu,sistem,positif,2,10.0
5,jelas jelas detail mudah,pelayanan,positif,5,8.6
5,manfaat orang,anekdot/serbaneka,positif,2,9.5
5,bismilah semoga manfaat,anekdot/serbaneka,positif,3,10.0
5,cepat keluh pasien,pelayanan,positif,3,8.0
5,dokter komunikatif ramah sabar sara jelas terima kasih dokter,pelayanan,positif,9,8.545454545454545
5,bantu era pandemi semoga tingkat layananya,pelayanan,positif,6,9.5
5,dokter ny baik baik cepat obat kasi obat baik langgan,pelayanan,positif,10,6.7
1,parah konsultasi bayar indonesia merdeka mapia kaya,harga,negatif,7,8.428571428571429
5,terima kasih bantu,pelayanan,positif,2,7.666666666666668
1,pesan respon salah coba,sistem,negatif,4,8.0
5,bagus semoga baik,sistem,positif,3,7.0
4,akses akun nomor telepon hilang mohon bantuanya,sistem,negatif,7,8.428571428571429
5,bantu rumah sakit bagus sembuh sakit,anekdot/serbaneka,positif,6,8.0
5,sulit apotek pakai puas rumah,anekdot/serbaneka,positif,5,7.0
4,baik arah beli obat apotek rumah pasien terima kasih,anekdot/serbaneka,positif,10,8.3
5,aplikasi bantu pandemi manfatnya saskit gejala ringan,anekdot/serbaneka,positif,7,9.142857142857142
1,tolong filter dasar wilayah praktik cek,anekdot/serbaneka,negatif,6,8.666666666666666
5,pakai lumayan tenang konsultasi dokter,anekdot/serbaneka,positif,5,9.4
5,keren pakai asuransi,pelayanan,positif,3,8.0
5,bantu pandemi rumah konsultasi,anekdot/serbaneka,positif,4,9.5
5,dokter rutin periksa tangal sesuai hamil mohon bijak dockter,anekdot/serbaneka,positif,11,8.909090909090908
5,konsultasi suka,pelayanan,positif,2,9.0
5,emas cepat kirim cepat pepet malam malam butuh obat kalah cepat terima kasih,anekdot/serbaneka,positif,12,7.769230769230768
5,manfaat efisien tenaga biaya terimakasih,anekdot/serbaneka,positif,5,8.8
5,dokter ramah solusi sesuai kondisi konsultasi,anekdot/serbaneka,positif,6,9.166666666666666
5,bantu pandemi chat dokter cepat responsif profesional,anekdot/serbaneka,positif,7,9.142857142857142
5,bagus bantu,anekdot/serbaneka,positif,2,8.5
5,bantu cepat kondisi desak pasien datangke rumah sakit,anekdot/serbaneka,positif,7,8.25
5,bantu kondisi dadak desak terima kasih semoga sukses,anekdot/serbaneka,positif,7,8.5
4,bagus konsultasi diskusi langsung dokter,sistem,positif,6,9.0
5,aplikasi bantu,sistem,positif,2,10.0
5,takut rumahsakit dokter bagus bagus terima kasih,sistem,positif,6,8.833333333333334
5,terima kasih konsultasi dokter dokter ramah cepat balas chat senang,anekdot/serbaneka,positif,9,7.9
5,bantu nali sakit kucing konsultasi dokter hewan,anekdot/serbaneka,positif,7,9.428571428571429
5,bantu sakit,anekdot/serbaneka,positif,2,8.5
5,aplikasi hidup butuh obat tingal pesan,sistem,positif,6,8.833333333333334
5,dokter jelas bantu rawat suami terima kasih,anekdot/serbaneka,positif,6,7.7142857142857135
4,bagus bantu susah cari obat aplikasiny cepat lengkap bagus,anekdot/serbaneka,positif,9,7.888888888888888
5,bantu pandemi kontak langsung dokter,anekdot/serbaneka,positif,7,9.285714285714286
4,dokter layan gratis respon cepat kaih bintang coba konsultasi,anekdot/serbaneka,positif,9,8.555555555555555
5,bagus terima kasih layan cepat bantu,anekdot/serbaneka,positif,6,8.0
5,bagus jelas dokter detail pakai gambar tubuh cepat mudah,anekdot/serbaneka,positif,9,8.222222222222221
5,aplikasi bantu sayang bayar pakai ovo,sistem,negatif,6,7.833333333333332
4,bagus manfaat respon cepat baik tangap bantu,anekdot/serbaneka,positif,7,8.285714285714286
5,binggung aplikasi bantu terima kasih yah,sistem,positif,6,7.0
5,tolong semoga bantu masyarakat mudah,anekdot/serbaneka,positif,5,10.2
5,bantu covid rumah,anekdot/serbaneka,positif,3,8.0
5,bantu terima kasih,anekdot/serbaneka,positif,2,7.666666666666668
5,bagus aplikasi bantu pelayananya cepat bagus,sistem,positif,6,9.0
4,tolong fitur gratis chat asuransi spesialis dokter dokter,sistem,negatif,8,8.25
1,tulis hubung dokter saldo potong chat diskusi dokter aplikasi jelek,sistem,negatif,10,8.9
5,konsultasi cepat,anekdot/serbaneka,positif,2,9.5
5,terima kasih bantu,anekdot/serbaneka,positif,3,8.333333333333334
1,responya,anekdot/serbaneka,negatif,1,10.0
5,dokter ramah lansung point jelas sakit tahan,pelayanan,positif,7,9.857142857142858
5,sunguh manfaat pandemi milik anak sakit malam,anekdot/serbaneka,positif,7,8.428571428571429
5,terima kasih aplikasi bantu konsultasi sehat,anekdot/serbaneka,positif,5,9.333333333333334
5,detail bantu dokter kasih resep obat,anekdot/serbaneka,positif,6,8.166666666666666
5,malam dokter sabar layan konsultasi keren charles,anekdot/serbaneka,positif,7,9.0
4,ambil obat rumah kasihan gojek,anekdot/serbaneka,negatif,5,8.4
5,bantu biaya konsultasi plus obat jangkau terima kasih,anekdot/serbaneka,positif,7,8.25
5,ulas dokter baik obat rekomendasi bagus terima kasih dokter,anekdot/serbaneka,positif,8,8.222222222222221
5,bantu aplikasi hubung dokter pandemi,anekdot/serbaneka,positif,5,10.0
1,kasih bintang pesan bayar status batal uang lari uang kasih bintang transaksi batal,sistem,negatif,14,7.933333333333334
5,bantu pandemi rumah,anekdot/serbaneka,positif,4,8.5
5,senang konsultasi dokter bagus tenang,anekdot/serbaneka,positif,5,8.6
5,aplikasi bagus,sistem,positif,2,8.5
5,bantu informasi sehat butuh,anekdot/serbaneka,positif,4,10.5
5,puas bantu terimakasi aplikasi halodic dokter tugas,anekdot/serbaneka,positif,7,9.285714285714286
2,susah hubung gopay pin bilang salah,anekdot/serbaneka,negatif,6,7.833333333333332
5,terima kasih aplikasi bantu pandemi,anekdot/serbaneka,positif,5,8.8
5,pesan bagus lancar cepat,sistem,positif,5,8.0
3,tolong sertifikat vaksin kemarin vaksin makan tolong usut jelek tolong respon kendala terima kasih,sistem,positif,14,8.333333333333334
5,terima kasih bantu,anekdot/serbaneka,positif,2,11.5
5,cepat tangan terima kasih ksih bantu kondisi desak,anekdot/serbaneka,positif,7,8.375
5,bantu pandemi covid bagus,anekdot/serbaneka,positif,5,8.2
5,bantu konsultas semoga cocok obat amin,anekdot/serbaneka,positif,6,8.5
5,manfaat konsultasi sehat cepat bagus,sistem,positif,5,9.8
3,tolong cepat proses tes pacar kemarin menunggu ac butuh cepat,anekdot/serbaneka,negatif,10,7.6
5,dokter tolong area luas daerah jawa timur blitar,anekdot/serbaneka,negatif,8,7.5
4,jelas baik,anekdot/serbaneka,positif,2,9.0
5,bantu situasi pandemi repot repot rumah,anekdot/serbaneka,positif,6,8.166666666666666
5,suka mudah sibuk periksa dokter,anekdot/serbaneka,positif,5,9.4
5,dokter ramah bantu terima kasih,pelayanan,positif,4,8.2
5,bagus bantu,anekdot/serbaneka,positif,2,8.5
5,bagus kondisi pandemi obat rumah,anekdot/serbaneka,positif,5,8.2
5,bantu cari solusi sehat terima kasih,anekdot/serbaneka,positif,5,8.5
5,aplikasi bantu sulit antre beli obat,sistem,positif,6,7.666666666666668
5,cepat responsif solusi,anekdot/serbaneka,positif,3,8.666666666666666
5,bantu upload resep tingal tunggu obat antre apotek,anekdot/serbaneka,positif,8,8.0
4,bagus opsi saran driver gojek,anekdot/serbaneka,negatif,5,7.6
5,rekomen bantu terima kasih bagus,anekdot/serbaneka,positif,4,7.8
5,bagus rekomendasi konsultasi pergi rumah sakit,anekdot/serbaneka,positif,6,8.833333333333334
5,andal,anekdot/serbaneka,positif,1,12.0
4,aplikasi pelan macet tolong servernya baik terima kasih,sistem,negatif,7,8.625
3,tolong alas pesan batal batal,anekdot/serbaneka,negatif,5,8.8
5,mudah cepat,anekdot/serbaneka,positif,2,7.0
5,bantu aplikasi terima kasih dokter,anekdot/serbaneka,positif,4,8.2
5,bagus bicara ahli diagnosis,pelayanan,positif,4,8.75
5,bantu aplikasi kondisi pandemi covid,anekdot/serbaneka,positif,5,9.0
5,bantu beli obat darurat terima kasih gojek,anekdot/serbaneka,positif,6,7.2857142857142865
5,bantu darurat konsultasi obat rumah biaya jangkau,anekdot/serbaneka,positif,7,9.0
5,bagus bantu isoman,anekdot/serbaneka,positif,3,8.333333333333334
5,bagus bantu,anekdot/serbaneka,positif,2,8.5
5,dokter ramah,pelayanan,positif,2,9.0
5,puas layan baik keluarga,pelayanan,positif,4,8.25
4,kadang barang kosong,anekdot/serbaneka,negatif,3,9.0
5,solusi pandemi,anekdot/serbaneka,positif,2,8.5
5,respon dokter cepat padat jelas puas layan,pelayanan,positif,8,8.375
5,dokter responsif bagus dokter galak,pelayanan,negatif,5,8.2
5,bantu,anekdot/serbaneka,positif,1,10.0
5,sederhana sulit,anekdot/serbaneka,positif,2,9.0
5,bantu rumah sakit pandemi suka,anekdot/serbaneka,positif,4,8.0
5,baik care,anekdot/serbaneka,positif,2,6.0
1,instal mingu,sistem,negatif,2,7.5
5,konsultasi dokter ramah kirim obat cepat terima kasih,pelayanan,positif,7,8.125
5,surat terang sakit dokter,anekdot/serbaneka,positif,4,8.5
5,dokernya ramah ramah chat jam pagi layan baik,pelayanan,positif,8,7.125
5,cepat respon dokter kondisi arah resep obat,pelayanan,positif,7,8.0
5,bantu,anekdot/serbaneka,positif,1,10.0
5,dokter bagus wilayah obat luas,pelayanan,negatif,6,8.666666666666666
5,praktis bantu rumah kantor,anekdot/serbaneka,positif,5,8.4
5,bantu,anekdot/serbaneka,positif,1,10.0
5,puas mudah konsultasi dokter,anekdot/serbaneka,positif,4,8.25
5,responya cepat,anekdot/serbaneka,positif,2,8.5
5,senang konsultasi anti khawatir kontak,pelayanan,positif,5,8.8
5,bantu,anekdot/serbaneka,positif,1,10.0
5,kirim cepat,anekdot/serbaneka,positif,2,9.5
5,bantu cepat butuh obat obat konsultasi sehat,anekdot/serbaneka,positif,7,9.285714285714286
5,selamat pagi sertifikat buka vaksin,anekdot/serbaneka,negatif,5,8.6
5,bantu terima kasih,anekdot/serbaneka,positif,2,7.666666666666668
5,bantu pandemi,anekdot/serbaneka,positif,2,9.5
5,terima kasih bantu pandemi bantu,anekdot/serbaneka,positif,5,8.2
5,bantu,anekdot/serbaneka,positif,1,10.0
5,bantu bagus,anekdot/serbaneka,positif,2,8.5
5,terima kasih keluh layan cepat tangap bantu,anekdot/serbaneka,positif,6,8.285714285714286
5,bantu,anekdot/serbaneka,positif,1,10.0
3,chat balas dokter saldo jelek,anekdot/serbaneka,negatif,5,7.6
5,bantu,anekdot/serbaneka,positif,1,10.0
5,pakai aplikasi lancar informatif,anekdot/serbaneka,positif,4,9.25
5,keren praktis percaya,anekdot/serbaneka,positif,3,9.333333333333334
5,bantu,anekdot/serbaneka,positif,1,10.0
5,aplikasi bantu kondisi istirahat,sistem,positif,4,10.0
5,dokter baik semoga anak lekas sembuh,pelayanan,positif,6,7.666666666666668
5,aplikasi layan bantu semoga sukses,sistem,positif,5,9.0
5,aplikasi bantu respon cepat kirim cepat,sistem,positif,6,9.0
5,aplikasi bantu pasien pergi,sistem,positif,4,10.0
5,dokter baik jasa jelas bantu,pelayanan,positif,5,9.6
5,terima kasih mudah mudah cepat sembuh sakit,anekdot/serbaneka,positif,6,7.7142857142857135
5,layan baik terima kasih dokter,pelayanan,positif,4,9.5
5,cepat bagus,anekdot/serbaneka,positif,2,7.0
5,bantu,anekdot/serbaneka,positif,1,10.0
5,aplikasi manfatnya bagus mudah,anekdot/serbaneka,positif,4,8.75
5,senang curah hati dada binggung terima kasih terima kasih,anekdot/serbaneka,positif,6,8.857142857142858
5,terima kasih bantu pandemi,anekdot/serbaneka,positif,3,8.0
5,pelayananya muas tugas ramah terima kasih,pelayanan,positif,6,9.666666666666666
5,bantu tenang informasi solusi,anekdot/serbaneka,positif,4,9.25
5,dokter hewan ramah,pelayanan,positif,3,7.333333333333332
5,bantu rumah sakit takut takut,anekdot/serbaneka,positif,5,7.5
5,cepat respon dokter ramah jelas detail,anekdot/serbaneka,positif,6,8.333333333333334
3,aplikasi bagus wilayah lombok barat,sistem,negatif,5,8.2
5,bantu pandemi,anekdot/serbaneka,positif,2,9.5
2,chat dokter gratis bayar bagus,harga,negatif,5,7.2
5,bantu dokter jelas sabar,anekdot/serbaneka,positif,4,8.75
5,aplikasi bantu palagi kondisi pandemi rumah sakit rujuk copid,sistem,positif,8,8.222222222222221
5,informasi advise bantu terima kasih dokter,anekdot/serbaneka,positif,6,8.666666666666666
5,bantu rumah temu dokter,anekdot/serbaneka,positif,4,8.5
4,bayar gopay docternya respon uang gopay bayar ganti dokter,anekdot/serbaneka,negatif,10,7.6
5,bantu,anekdot/serbaneka,positif,1,10.0
1,bayar gagal uang potong dokter beres,sistem,negatif,6,8.333333333333334
5,bagus bantu pandemi,anekdot/serbaneka,positif,3,8.666666666666666
5,bagus bantu terima kasih semoga sukses,anekdot/serbaneka,positif,5,7.666666666666668
5,bantu beli obat langsung,anekdot/serbaneka,positif,4,8.75
5,bagus responsif aplikasi lambat lambat,pelayanan,positif,5,9.4
5,bantu desak,pelayanan,positif,2,10.0
5,mudah terima kasih layananya,pelayanan,positif,3,9.0
5,bantu,pelayanan,positif,1,10.0
5,bagus aplikasi cepat tangap terima kasih,anekdot/serbaneka,positif,6,7.833333333333332
5,layan respon dokter apotek baik cepat,pelayanan,positif,6,8.0
5,bantu pandemi saran responsif,anekdot/serbaneka,positif,4,9.25
5,dokter,pelayanan,positif,1,11.0
5,puas konsultasi aplikasi layananya cepat,anekdot/serbaneka,positif,5,9.2
5,ketemu kembang video customer keren,anekdot/serbaneka,positif,5,8.4
1,barang bayar respon jelek,anekdot/serbaneka,negatif,4,7.5
5,terima kasih aplikasi bantu,anekdot/serbaneka,positif,3,8.25
5,bagus kirim pesan cepat diskon,anekdot/serbaneka,positif,5,8.6
5,layan baik cepat kirim cepat terima kasih,pelayanan,positif,7,7.571428571428571
5,dokter baik sulit rumah,pelayanan,positif,4,7.75
5,dokter cepat tangap ramah muas,pelayanan,positif,5,8.8
5,baik sabar,pelayanan,positif,2,6.5
5,mudah,anekdot/serbaneka,positif,1,12.0
5,bantu kondisi sibuk pandemi,anekdot/serbaneka,positif,5,9.0
4,selamat obat cari apotek kosong bagus,anekdot/serbaneka,positif,8,8.375
5,terima kasih semoga maju kembang,anekdot/serbaneka,positif,5,8.2
2,unduh resep digital dokumen keteranganya unduh masuk dokumen jelek,sistem,negatif,9,8.777777777777779
5,aplikasi bantu mudah masyarakat,sistem,positif,4,11.0
5,bantu ringan beban rumah,anekdot/serbaneka,positif,4,9.25
5,konsultasi semoga baik,anekdot/serbaneka,positif,3,8.666666666666666
5,bagus coba,anekdot/serbaneka,positif,2,7.5
5,bantu cari informasi sehat terima kasih,anekdot/serbaneka,positif,5,9.0
5,bantu senang terima kasih,anekdot/serbaneka,positif,3,7.75
5,cepat tangap puas konsultasi terima kasih,pelayanan,positif,6,8.166666666666666
5,manfaat,pelayanan,positif,1,12.0
1,menunggu dokter chat bayar registrasi,anekdot/serbaneka,negatif,5,8.2
5,bantu beli obat konsultasi dokter,anekdot/serbaneka,positif,5,9.4
5,bagus cepat obat,pelayanan,positif,3,7.666666666666668
5,bagus bantu,anekdot/serbaneka,positif,2,8.5
1,prabayar mengunakn ovo gimna komen dokter hu payah,sistem,negatif,8,7.375
1,sulit aplikasi nyambungin gopay susah,sistem,negatif,5,8.6
5,manfaat bagus aplikasi,anekdot/serbaneka,positif,3,10.666666666666666
5,aplikasi inovasi anak bangsa hebat bantu masyarakat indonesia mudah akses layan sehat fitur fiturnya bantu pandemi aplikasi bantu obat antre ulas lengkap,anekdot/serbaneka,positif,23,9.0
5,semoga bantu,anekdot/serbaneka,positif,2,9.0
5,bagus aplikasi bagus,anekdot/serbaneka,positif,3,8.0
5,bagus aplikasi,anekdot/serbaneka,positif,2,10.0
5,keren aplikasi darurat,anekdot/serbaneka,positif,4,8.5
5,lumayan bantu,anekdot/serbaneka,positif,2,9.5
5,puas konsultasi dokter dokter,pelayanan,positif,4,8.5
5,muas,anekdot/serbaneka,positif,1,11.0
5,manfaat,anekdot/serbaneka,positif,1,12.0
5,aplikasi bantu terima kasih bagus,anekdot/serbaneka,positif,5,8.4
5,bantu,anekdot/serbaneka,positif,1,10.0
3,bicara bicara sedia kalender menstruasi,anekdot/serbaneka,negatif,5,10.2
5,bantu,anekdot/serbaneka,positif,1,10.0
5,terima kasih cepat respon dokter spog resep cocok bantu,pelayanan,positif,9,7.5555555555555545
5,bagus bagus,anekdot/serbaneka,positif,2,7.0
5,jelas erti,pelayanan,positif,2,11.0
4,bantu,anekdot/serbaneka,positif,1,10.0
5,lugas jelas,pelayanan,positif,2,7.0
5,senang konsultasi mudah,anekdot/serbaneka,positif,3,9.0
1,daftar gagal sinyal lancar,sistem,negatif,4,7.75
5,semoga anak cocok obat dokter anak resep,anekdot/serbaneka,positif,7,7.2857142857142865
5,bantu mudah bagus,anekdot/serbaneka,positif,4,8.25
5,layan cepat,pelayanan,positif,2,9.0
5,bantu,anekdot/serbaneka,positif,1,10.0
5,aplikasi bantu terima kasih,anekdot/serbaneka,positif,4,8.75
5,mudah pandemi,pelayanan,positif,2,10.5
1,pelan buka lambat,sistem,negatif,3,7.666666666666668
5,praktis antre dokter cepat respon,sistem,positif,5,7.8
5,bantu,anekdot/serbaneka,positif,1,10.0
5,dokter ramah cepat respon terima kasih,pelayanan,positif,5,7.666666666666668
5,bantu,anekdot/serbaneka,positif,1,10.0
5,beli obat jam mudah sulit terima kasih bagus,anekdot/serbaneka,positif,7,6.375
5,pakai konsultasi hasil bagus,anekdot/serbaneka,positif,4,9.0
5,layan prima,pelayanan,positif,2,9.0
5,bantu kondisi sakit,anekdot/serbaneka,positif,3,9.666666666666666
5,bantu situasi pandemi,pelayanan,positif,3,9.333333333333334
5,bantu,pelayanan,positif,1,7.0
5,bagus,anekdot/serbaneka,positif,1,7.0
5,bantu,pelayanan,positif,1,10.0
5,dokter cepat tangap dengar keluh,pelayanan,positif,5,9.2
5,bantu sukses,anekdot/serbaneka,positif,2,9.0
5,bantu,pelayanan,positif,1,10.0
5,bantu,pelayanan,positif,1,10.0
5,bantu,pelayanan,positif,1,10.0
5,bantu,pelayanan,positif,1,10.0
5,bantu,pelayanan,positif,1,10.0
5,bantu,pelayanan,positif,1,10.0
5,bantu,pelayanan,positif,1,10.0
5,bantu,pelayanan,positif,1,10.0
5,respon dokter ramah cepat semoga sukses senang,pelayanan,positif,7,7.7142857142857135
5,bantu,pelayanan,positif,1,10.0
5,aplikasi butuh rumah sakit,anekdot/serbaneka,positif,3,8.5
5,bantu,pelayanan,positif,1,10.0
5,muas cepat obat sedia,pelayanan,positif,5,8.4
5,bantu,pelayanan,positif,1,10.0
5,bantu,pelayanan,positif,1,10.0
5,bantu,pelayanan,positif,1,10.0
5,bantu,pelayanan,positif,1,10.0
5,bantu,pelayanan,positif,1,10.0
5,bantu sakit,pelayanan,positif,2,8.5
5,bantu,pelayanan,positif,1,10.0
1,metode bayar,anekdot/serbaneka,negatif,2,9.0
5,bantu,pelayanan,positif,1,10.0
5,bantu,pelayanan,positif,1,10.0
5,bantu,pelayanan,positif,1,10.0
5,bantu,pelayanan,positif,1,10.0
5,bantu obat pandemi,pelayanan,positif,3,9.333333333333334
5,bantu,pelayanan,positif,1,10.0
4,terima kasih dokter baik ramah,pelayanan,positif,5,7.8
5,aplikasi bantu pandemi bagus,anekdot/serbaneka,positif,4,9.0
5,layan konsultasi sehat cepat sederhana,pelayanan,positif,5,10.0
5,bantu bantu,pelayanan,positif,2,8.5
5,bantu bantu,pelayanan,positif,2,8.5
5,bantu,pelayanan,positif,1,10.0
5,bantu pandemi,anekdot/serbaneka,positif,2,9.5
5,cepat praktis,anekdot/serbaneka,positif,2,8.0
5,bantu pandemi,pelayanan,positif,2,9.5
4,seru diskusi bareng dokter teman curahan hati,pelayanan,positif,6,8.166666666666666
4,dokter baik ramah puas solusi,pelayanan,positif,5,7.0
5,bantu,pelayanan,positif,1,10.0
5,bantu,pelayanan,positif,1,10.0
5,bantu pandemi dokter bagus,anekdot/serbaneka,positif,4,9.25
5,bagus bantu darurat,anekdot/serbaneka,positif,3,8.666666666666666
5,puas dokter kasih arah terima kasih,pelayanan,positif,5,7.0
5,puas pelayananya semoga berkah sehat,pelayanan,positif,5,8.4
5,obat dokter manjur terima kasih bantu,anekdot/serbaneka,positif,5,7.5
5,dokter ramah perhati terima kasih,pelayanan,positif,4,8.4
5,bantu pandemi,anekdot/serbaneka,positif,2,9.5
5,bantu dokter ramah,anekdot/serbaneka,positif,3,9.333333333333334
5,bantu pandemi mas takut rumah sakit,anekdot/serbaneka,positif,5,7.333333333333332
5,ramah respon cepat terima kasih,pelayanan,positif,4,7.0
5,singkat padat jelas chat dokter spesialis,pelayanan,positif,6,8.0
5,bantu situasi,anekdot/serbaneka,positif,2,9.5
5,nyaman dokter suka,anekdot/serbaneka,positif,3,8.333333333333334
5,respon dokter cepat detail kirim obat cepat,pelayanan,positif,7,8.0
5,respon dokter baik baik aplikasi bantu pasien,pelayanan,positif,7,8.428571428571429
5,bantu pandemi demam,anekdot/serbaneka,positif,3,8.666666666666666
5,bantu aplikasi,anekdot/serbaneka,positif,2,10.0
5,bantu,anekdot/serbaneka,positif,1,10.0
5,bantu terima kasih,anekdot/serbaneka,positif,3,8.333333333333334
5,terima kasih kasih bantuanya dokter,anekdot/serbaneka,positif,4,7.8
5,bantu,anekdot/serbaneka,positif,1,10.0
5,bantu dokter,anekdot/serbaneka,positif,2,9.0
5,pelayananya bagus obat cepat nyampenya,pelayanan,positif,5,9.4
5,bantu,anekdot/serbaneka,positif,1,10.0
5,bantu,anekdot/serbaneka,positif,1,10.0
1,bagus pakai gratis bayar,anekdot/serbaneka,positif,4,7.25
5,dokter jelas jasa resep,pelayanan,positif,4,9.0
5,bantu kondisi,anekdot/serbaneka,positif,3,9.333333333333334
5,baik bagus bantu pandemi suka,anekdot/serbaneka,positif,5,8.2
5,bantu rumah terima kasih,anekdot/serbaneka,positif,3,7.5
5,suka dokter aplikasi,anekdot/serbaneka,positif,3,8.0
5,bantu,anekdot/serbaneka,positif,3,9.0
5,bantu,anekdot/serbaneka,positif,1,10.0
5,dokter ramah respon cepat koperatif,pelayanan,positif,5,8.8
5,dokter ramah ramah detail,pelayanan,positif,4,8.25
5,bantu butuh obat terimakasih,anekdot/serbaneka,positif,4,8.75
5,bagus tolong terima kasih,anekdot/serbaneka,positif,4,8.0
5,daftar vaksin tanggal maret cek,anekdot/serbaneka,negatif,5,8.6
5,bantu pandemi terima kasih kasih,anekdot/serbaneka,positif,4,7.8
5,mudah klik praktis bantu,anekdot/serbaneka,positif,4,8.25
5,pelayananya ramah paham bidang,anekdot/serbaneka,positif,4,9.5
4,bagus aplikasi dokter pribadi terima kasih,anekdot/serbaneka,positif,5,7.833333333333332
5,mudah konsultasi rumah,pelayanan,positif,3,10.333333333333334
5,bantu layan dokter muas,pelayanan,positif,4,10.0
